user_id,item_id,rating
1,7,3
1,36,3
1,22,3
1,24,3
1,9,3
1,18,3
2,32,3
2,10,4
2,36,3
2,35,5
2,4,2
2,9,3
3,3,4
3,13,4
3,10,1
3,31,3
3,16,3
3,5,3
3,6,4
3,4,4
3,14,2
3,2,4
3,8,2
3,1,4
4,14,3
4,3,2
4,15,3
4,29,3
4,5,2
4,17,2
4,16,4
4,31,3
4,26,3
4,19,2
4,32,2
4,8,2
5,26,3
5,11,3
5,37,3
5,27,4
5,13,3
5,5,4
5,14,3
5,6,5
5,10,2
6,5,3
6,2,5
6,1,4
6,15,3
6,32,2
6,7,2
6,35,2
6,16,3
6,29,2
6,3,4
7,9,2
7,22,4
7,20,3
7,24,3
7,31,2
7,17,2
7,2,2
7,21,3
7,16,2
8,32,4
8,35,4
8,21,2
8,9,3
8,31,4
8,10,3
8,2,2
8,4,2
8,36,3
8,3,3
9,28,4
9,4,4
9,22,3
9,29,4
9,30,4
9,5,2
9,3,2
9,34,2
10,9,1
10,15,3
10,35,2
10,16,3
10,33,2
10,25,2
10,24,2
10,2,1
10,8,3
10,26,2
10,28,2
11,27,4
11,18,4
11,14,2
11,30,2
11,16,3
11,17,4
11,15,2
11,12,2
11,2,2
12,13,2
12,14,3
12,21,4
12,20,2
12,3,3
12,4,3
12,27,3
12,33,2
12,31,1
12,37,3
12,26,3
12,24,1
12,22,4
12,5,2
13,34,3
13,22,2
13,11,2
13,24,4
13,33,4
13,31,2
13,8,3
13,28,3
13,5,1
13,17,2
13,4,3
13,23,3
13,35,3
14,18,2
14,29,2
14,36,4
14,7,3
14,33,3
14,10,4
14,34,3
14,35,3
14,30,2
14,9,4
14,8,3
15,22,4
15,2,3
15,1,3
15,20,2
15,31,2
15,10,2
15,21,3
15,19,2
16,2,3
16,32,4
16,1,3
16,11,2
16,3,3
16,27,2
16,6,1
16,26,4
16,30,3
16,10,3
16,31,3
16,8,2
16,29,1
16,24,4
16,25,3
17,36,3
17,17,4
17,19,4
17,18,3
17,11,2
17,33,1
17,16,2
17,12,2
17,15,2
17,3,4
17,7,3
17,8,2
17,20,2
18,14,4
18,25,2
18,16,3
18,15,4
18,22,2
18,30,3
18,33,1
18,26,2
18,10,1
18,32,1
18,18,3
18,5,3
18,3,1
19,9,3
19,31,4
19,10,3
19,1,3
19,6,1
19,22,3
19,3,3
19,35,3
19,36,4
19,32,3
20,9,2
20,13,3
20,17,2
20,4,3
20,6,4
20,30,4
20,24,2
20,27,2
20,28,4
20,29,4
20,11,4
20,37,3
20,16,3
20,12,4
20,33,2
21,31,3
21,17,1
21,32,3
21,33,3
21,34,3
21,2,4
21,12,2
21,24,1
21,35,2
21,36,2
21,7,4
21,18,2
21,19,1
22,4,2
22,5,4
22,24,3
22,26,1
22,27,5
22,32,4
22,11,4
22,23,2
22,31,2
22,1,3
22,17,3
22,25,2
22,3,3
22,13,4
23,18,4
23,10,2
23,19,2
23,37,2
23,22,2
23,32,2
23,17,3
23,5,1
23,9,1
23,1,2
23,21,2
23,25,1
24,8,2
24,14,2
24,4,4
24,30,5
24,11,2
24,28,4
24,29,4
24,23,2
24,25,3
24,37,1
24,24,2
25,11,3
25,3,5
25,1,3
25,27,2
25,2,4
25,32,4
25,22,3
25,17,3
25,19,3
25,31,4
25,14,3
25,16,3
25,18,2
25,28,2
25,8,3
26,1,4
26,32,4
26,27,2
26,2,4
26,31,4
26,3,4
26,15,3
26,26,3
26,36,1
26,13,2
26,29,2
27,21,3
27,12,3
27,14,4
27,22,4
27,20,4
27,36,2
27,1,2
28,14,4
28,28,4
28,29,4
28,2,2
28,19,2
28,30,3
28,16,4
28,11,2
29,30,2
29,20,3
29,22,3
29,11,2
29,35,2
29,13,3
29,14,3
29,28,2
29,31,3
29,15,2
29,21,5
29,29,2
29,26,2
29,27,2
29,17,4
30,33,2
30,15,4
30,13,2
30,9,2
30,11,2
30,18,2
30,14,4
30,35,2
30,5,3
30,26,2
30,31,1
31,32,4
31,37,4
31,2,4
31,3,4
31,6,3
31,13,3
31,31,4
31,15,2
31,12,4
32,2,4
32,32,5
32,3,4
32,31,4
32,17,4
32,22,2
32,11,3
32,18,4
32,8,3
32,4,3
32,34,3
32,29,3
32,21,2
33,11,3
33,13,4
33,12,4
33,6,3
33,37,3
33,28,3
33,24,2
34,27,3
34,24,3
34,1,2
34,36,2
34,16,4
34,9,3
34,14,2
34,15,3
34,23,3
34,25,3
34,26,4
34,22,3
34,18,3
35,34,3
35,15,4
35,22,2
35,14,3
35,7,4
35,23,3
35,2,2
35,12,3
35,8,4
35,33,2
35,13,2
36,36,4
36,14,3
36,22,3
36,3,3
36,35,4
36,16,3
36,15,3
36,32,2
37,22,3
37,15,1
37,13,3
37,11,2
37,21,2
37,20,3
37,10,3
37,24,4
37,26,2
37,6,4
37,2,2
37,12,3
37,35,2
37,36,2
37,5,3
38,16,4
38,22,3
38,17,3
38,28,4
38,36,3
38,37,2
38,15,4
39,27,2
39,18,4
39,17,4
39,21,4
39,24,2
39,31,2
39,10,1
39,30,2
39,7,2
39,3,2
39,1,3
39,19,3
40,31,3
40,18,3
40,17,3
40,10,4
40,9,4
40,14,2
40,36,4
40,19,2
41,29,4
41,28,3
41,30,3
41,2,3
41,4,4
41,26,2
41,9,3
41,20,3
41,17,2
41,11,3
41,18,4
41,12,4
41,19,2
41,23,2
41,3,3
42,12,4
42,9,2
42,28,3
42,20,2
42,23,4
42,4,2
43,31,3
43,27,2
43,18,4
43,37,3
43,1,3
43,15,2
43,6,3
43,32,4
43,19,5
43,3,5
44,12,3
44,29,3
44,32,5
44,9,2
44,4,3
44,13,3
44,22,3
44,14,2
44,31,4
44,21,2
44,2,3
45,21,4
45,30,4
45,22,4
45,1,2
45,4,2
45,28,4
45,29,4
45,2,1
45,26,2
45,16,2
45,33,2
45,17,2
46,25,3
46,36,4
46,29,2
46,10,4
46,7,2
46,34,4
46,9,3
47,18,2
47,10,2
47,4,4
47,8,2
47,15,3
47,31,2
47,16,5
47,29,4
47,34,1
47,28,4
47,30,4
48,7,3
48,6,1
48,33,4
48,24,1
48,34,3
48,19,1
49,30,4
49,37,2
49,5,3
49,15,2
49,13,3
49,29,4
49,34,3
50,17,3
50,1,3
50,3,5
50,35,2
50,15,4
50,32,4
50,4,2
50,2,5
50,14,4
50,21,3
50,31,4
50,20,2
50,24,2
51,23,3
51,8,2
51,29,4
51,4,2
51,33,2
51,5,3
51,28,3
52,1,4
52,35,2
52,20,3
52,32,4
52,31,4
52,22,4
52,18,2
52,25,1
52,19,2
52,3,3
52,21,4
53,13,3
53,4,3
53,34,2
53,8,1
53,14,2
53,28,4
53,30,3
53,29,3
54,33,2
54,29,1
54,35,3
54,15,2
54,10,3
54,14,4
54,30,2
54,9,4
54,7,3
54,16,4
54,11,1
54,36,4
54,19,3
55,14,3
55,25,2
55,29,3
55,37,2
55,30,2
55,31,2
55,15,4
55,16,3
55,33,2
55,11,2
55,6,2
55,3,1
55,35,2
55,12,3
55,28,1
56,17,3
56,27,1
56,14,2
56,1,1
56,19,2
56,37,2
56,4,1
56,18,3
57,36,3
57,12,2
57,11,3
57,10,2
57,35,3
57,9,3
57,17,2
57,16,2
57,29,2
57,32,2
57,14,2
57,13,2
57,5,1
58,13,4
58,26,2
58,2,3
58,29,1
58,34,2
58,24,2
59,28,5
59,18,3
59,30,3
59,31,3
59,8,3
59,29,4
59,4,3
59,35,2
59,34,2
59,37,2
59,12,3
59,21,2
60,4,4
60,8,3
60,30,5
60,28,2
60,14,2
60,33,3
60,20,2
60,34,3
60,29,2
60,7,4
60,32,3
60,10,2
61,14,4
61,16,4
61,9,2
61,36,2
61,31,2
61,32,2
61,11,2
61,6,3
61,8,2
61,5,2
61,37,2
61,7,3
61,27,2
61,17,3
62,9,2
62,22,3
62,18,3
62,17,3
62,29,1
62,20,3
62,21,3
62,24,3
62,6,1
63,17,3
63,18,2
63,31,1
63,19,3
63,22,3
63,6,2
64,1,2
64,22,2
64,28,3
64,27,4
64,3,3
64,24,3
64,9,4
65,30,3
65,37,3
65,6,3
65,9,1
65,7,2
65,13,4
65,36,2
66,36,2
66,29,3
66,22,3
66,15,3
66,20,3
66,21,4
66,14,3
66,23,2
66,12,3
67,4,3
67,28,3
67,3,2
67,30,3
67,23,3
67,2,3
67,10,3
67,33,2
67,24,3
67,9,4
67,11,2
67,29,3
68,24,2
68,27,2
68,19,2
68,5,3
68,12,4
68,13,3
68,6,3
68,15,2
68,11,3
68,36,2
69,25,4
69,23,2
69,24,5
69,11,3
69,26,3
69,4,2
70,18,4
70,30,3
70,28,3
70,11,3
70,29,3
70,17,4
70,13,2
70,19,4
70,34,4
71,30,4
71,18,5
71,33,2
71,28,4
71,4,3
71,19,4
71,5,3
71,7,3
71,17,4
71,23,2
71,22,2
71,29,4
71,14,2
72,2,4
72,31,3
72,32,4
72,1,3
72,29,3
72,30,4
72,4,4
72,35,2
72,3,5
72,16,3
72,21,3
73,30,3
73,22,4
73,33,3
73,20,3
73,27,3
73,21,4
73,36,3
73,11,4
73,18,2
73,3,2
73,23,3
74,3,4
74,1,3
74,13,2
74,2,4
74,31,4
74,32,4
74,22,2
74,27,2
74,37,2
74,14,1
74,8,2
75,6,3
75,4,3
75,1,4
75,3,4
75,32,4
75,36,2
75,34,4
75,10,3
75,13,2
75,8,3
76,25,5
76,4,2
76,26,4
76,27,4
76,10,2
76,23,5
76,24,4
76,5,2
76,11,2
76,33,2
76,16,2
76,13,2
76,19,2
76,20,3
76,7,2
77,4,3
77,26,2
77,27,4
77,24,2
77,17,2
77,8,2
77,34,3
77,32,3
77,10,2
78,15,2
78,20,3
78,21,3
78,3,4
78,32,3
78,9,1
78,26,2
79,16,5
79,14,5
79,5,2
79,11,3
79,15,4
79,8,4
79,17,3
79,33,3
79,36,2
79,22,2
79,34,4
79,3,3
79,18,2
79,32,3
79,37,3
80,18,3
80,13,2
80,17,4
80,22,2
80,14,1
80,7,2
80,30,2
80,24,2
81,33,3
81,19,4
81,18,2
81,17,3
81,29,3
81,37,2
81,4,1
81,13,3
81,8,2
81,3,4
81,27,3
81,15,3
81,34,3
81,1,3
81,14,4
82,21,2
82,11,3
82,6,2
82,35,2
82,34,2
82,8,3
83,11,2
83,26,1
83,5,3
83,21,4
83,30,2
83,22,4
83,19,4
83,20,4
83,9,3
83,13,3
83,6,3
83,34,2
83,24,1
83,29,2
84,6,3
84,14,4
84,15,3
84,17,3
84,16,4
84,30,3
84,18,2
84,11,3
84,35,3
84,37,3
84,12,4
84,13,4
84,4,3
84,5,4
84,22,2
85,15,2
85,12,3
85,23,1
85,37,3
85,5,3
85,6,3
86,22,2
86,18,3
86,17,4
86,10,1
86,15,2
86,27,2
86,19,4
86,9,2
86,14,3
86,28,3
86,31,3
86,23,2
87,35,4
87,10,3
87,7,3
87,22,3
87,36,5
87,3,3
87,32,2
87,30,3
88,36,4
88,17,3
88,27,3
88,13,3
88,11,2
88,8,3
88,6,1
88,9,4
88,35,4
88,19,3
88,5,3
88,18,2
88,10,4
88,21,3
89,6,3
89,3,3
89,20,3
89,9,4
89,35,2
89,2,2
90,9,4
90,12,4
90,3,3
90,13,3
90,17,2
90,22,3
90,11,5
90,4,3
91,33,3
91,3,2
91,28,2
91,6,2
91,13,2
91,1,2
91,15,3
91,11,2
91,24,2
91,31,3
91,18,1
91,9,3
91,14,2
91,34,2
91,7,2
92,15,2
92,9,4
92,35,4
92,36,3
92,21,1
92,11,3
92,18,3
92,10,3
92,3,3
92,22,3
93,35,4
93,20,2
93,37,4
93,11,4
93,31,3
93,12,5
93,36,3
93,9,3
93,10,3
94,10,5
94,13,3
94,27,2
94,17,2
94,35,4
94,32,3
94,9,4
94,34,2
94,2,4
94,24,3
94,3,3
95,31,2
95,26,5
95,24,3
95,33,2
95,13,3
95,8,3
96,13,4
96,12,3
96,25,3
96,11,3
96,6,3
96,23,3
96,5,3
96,33,1
96,1,2
96,16,3
96,24,3
97,4,3
97,9,5
97,22,3
97,35,4
97,5,4
97,36,2
97,33,3
97,19,3
97,17,3
97,12,4
97,16,3
97,6,3
97,10,3
98,8,2
98,7,2
98,26,3
98,10,3
98,9,4
98,30,2
98,29,2
98,18,2
98,36,5
98,35,5
98,3,2
99,17,2
99,11,2
99,3,3
99,28,3
99,16,4
99,2,2
99,14,3
99,15,5
99,35,3
99,9,3
99,27,3
99,1,3
100,14,2
100,4,2
100,33,4
100,18,3
100,19,3
100,8,4
100,28,2
100,5,3
100,12,2
100,15,2
100,34,4
100,10,3
101,3,3
101,9,4
101,6,3
101,11,4
101,13,3
101,1,3
101,5,4
101,10,4
101,4,2
101,37,4
101,12,4
101,35,4
101,36,4
101,7,2
102,16,4
102,15,5
102,11,3
102,14,4
102,28,1
102,3,2
102,37,2
102,1,1
102,4,2
102,27,1
102,23,2
102,17,2
102,22,2
103,30,3
103,6,4
103,19,3
103,34,2
103,14,2
103,12,4
104,12,4
104,3,5
104,11,5
104,13,5
104,2,3
104,33,3
104,31,3
104,19,3
104,20,2
104,35,2
104,22,2
105,13,2
105,6,4
105,37,3
105,5,3
105,29,3
105,11,4
106,21,3
106,19,3
106,17,4
106,34,1
106,6,3
106,15,2
106,20,4
106,18,4
106,4,3
106,9,2
106,32,3
106,24,1
106,12,3
107,28,2
107,36,3
107,10,4
107,9,4
107,29,3
107,35,4
107,23,3
108,22,2
108,5,3
108,29,3
108,26,2
108,2,3
108,35,3
108,30,3
108,31,2
108,17,3
108,28,4
108,12,2
108,4,4
108,18,3
108,27,3
109,29,3
109,19,1
109,7,1
109,32,2
109,16,1
109,12,2
109,28,3
109,24,3
110,9,5
110,22,2
110,36,4
110,17,4
110,4,3
110,26,2
110,29,4
111,31,4
111,32,3
111,2,2
111,1,3
111,25,2
111,8,1
112,28,3
112,19,3
112,26,3
112,5,3
112,7,3
112,37,2
112,25,2
112,33,3
112,11,3
112,1,2
112,13,3
112,34,3
112,8,3
112,6,3
112,4,2
113,12,3
113,1,2
113,5,3
113,19,3
113,23,1
113,17,3
113,6,3
113,13,3
113,2,1
113,11,5
113,33,2
114,5,4
114,6,4
114,34,3
114,12,4
114,37,3
114,2,4
114,13,4
115,19,4
115,5,2
115,7,4
115,27,2
115,18,3
115,17,4
115,10,2
115,8,4
115,33,3
115,34,3
115,20,2
115,24,3
115,26,2
115,30,3
116,18,2
116,36,2
116,35,3
116,17,3
116,3,1
116,10,4
116,9,3
116,37,2
116,24,3
117,5,3
117,11,4
117,1,2
117,12,4
117,21,3
117,32,2
117,13,4
117,37,2
117,6,4
117,8,2
117,2,2
117,14,3
117,17,2
117,16,2
118,19,4
118,23,3
118,20,3
118,24,2
118,26,4
118,27,4
119,4,3
119,31,4
119,6,4
119,14,4
119,13,5
119,2,3
120,31,3
120,23,4
120,16,2
120,14,3
120,25,4
120,34,2
120,5,3
120,26,4
121,23,2
121,25,4
121,12,2
121,16,2
121,7,2
121,24,3
121,27,3
121,4,2
121,29,2
121,30,2
122,16,4
122,14,3
122,1,2
122,18,3
122,13,3
122,5,3
122,4,4
122,15,4
122,29,4
122,28,4
122,30,3
122,26,1
122,2,2
122,3,2
122,37,1
123,10,5
123,35,4
123,36,4
123,25,1
123,11,1
123,33,4
123,21,2
123,24,2
123,19,2
124,1,2
124,17,2
124,27,2
124,13,5
124,12,5
124,33,4
124,21,2
124,7,4
124,37,4
124,25,2
124,34,3
124,31,3
124,11,3
124,5,4
125,9,5
125,27,3
125,10,2
125,36,5
125,21,3
125,14,2
125,19,2
125,20,3
126,21,3
126,25,3
126,32,4
126,3,3
126,34,2
126,31,4
126,9,2
126,22,4
126,2,3
126,19,2
127,26,4
127,23,3
127,24,4
127,10,2
127,5,2
127,37,2
127,30,2
128,8,3
128,7,4
128,32,3
128,28,2
128,34,4
128,33,3
128,10,1
128,35,3
128,29,1
128,14,3
128,26,1
128,19,3
128,17,3
128,27,3
128,16,2
129,3,2
129,32,3
129,2,3
129,1,4
129,10,1
129,22,3
129,31,5
129,6,2
130,25,3
130,22,2
130,23,4
130,26,4
130,28,4
130,24,3
130,4,3
130,27,3
130,8,3
131,15,4
131,14,4
131,3,3
131,2,2
131,30,2
131,16,4
131,27,3
131,4,4
132,35,4
132,36,4
132,18,4
132,22,2
132,17,3
132,10,5
132,27,1
132,32,2
132,30,2
132,19,3
132,9,3
132,34,2
132,25,2
132,26,2
133,17,4
133,33,3
133,11,2
133,36,3
133,6,2
133,4,3
133,22,5
133,18,5
133,16,3
133,20,2
134,32,3
134,2,4
134,13,3
134,34,3
134,1,4
134,3,4
134,29,3
134,16,3
134,24,2
134,23,2
134,31,4
134,19,3
134,14,3
134,4,2
134,11,3
135,13,3
135,12,4
135,4,2
135,21,2
135,7,2
135,11,3
135,37,3
135,8,1
135,6,3
135,22,3
135,3,2
135,29,2
136,17,3
136,23,2
136,7,5
136,3,4
136,20,2
136,15,2
136,34,4
136,13,4
136,18,3
136,8,4
136,19,5
136,27,2
137,36,1
137,29,2
137,33,3
137,16,2
137,9,3
137,19,4
137,18,4
137,32,2
138,28,2
138,33,2
138,12,5
138,32,3
138,11,4
138,10,2
138,13,4
138,18,2
138,5,3
138,35,2
138,7,3
139,2,3
139,3,4
139,30,3
139,33,4
139,8,4
139,13,3
139,34,3
139,31,4
139,1,3
139,23,2
140,7,3
140,34,2
140,19,2
140,6,3
140,4,1
140,17,2
140,27,4
140,5,2
140,14,3
140,22,3
141,4,2
141,2,3
141,17,2
141,5,3
141,32,4
141,3,4
141,11,5
141,12,4
141,37,4
141,1,5
141,16,3
141,14,2
141,13,4
141,6,4
142,9,1
142,30,3
142,14,3
142,29,3
142,18,2
142,4,5
142,31,3
142,20,3
142,5,2
142,15,2
142,19,3
143,11,2
143,26,3
143,23,3
143,28,2
143,17,3
143,24,5
143,25,3
143,2,2
143,16,2
143,27,3
144,22,3
144,31,3
144,2,4
144,3,5
144,16,4
144,15,4
145,32,2
145,24,2
145,21,2
145,27,3
145,26,3
145,13,3
146,21,2
146,29,2
146,35,3
146,24,2
146,22,3
146,20,3
146,2,2
146,10,3
146,34,2
147,18,2
147,19,3
147,1,2
147,32,2
147,5,3
147,13,3
147,17,4
147,29,2
147,16,3
147,2,2
147,15,2
147,22,1
147,20,2
147,36,3
147,28,4
148,5,2
148,27,5
148,25,2
148,19,3
148,24,1
148,8,3
148,33,3
149,19,4
149,12,3
149,13,3
149,6,5
149,17,4
149,5,3
149,37,4
149,2,2
149,10,4
149,11,4
149,31,2
149,18,4
149,23,1
150,35,3
150,3,2
150,9,4
150,10,4
150,17,3
150,6,2
150,24,2
150,36,3
150,16,2
150,13,2
150,30,2
151,24,4
151,16,3
151,27,4
151,17,3
151,36,2
151,10,2
151,9,3
151,26,4
151,21,2
151,23,4
151,19,4
151,25,4
151,37,3
151,15,2
151,1,3
152,17,3
152,24,4
152,5,3
152,26,4
152,27,3
152,30,2
152,9,2
152,32,2
152,6,2
152,4,3
152,1,2
153,28,3
153,31,2
153,23,3
153,24,4
153,19,3
153,25,3
153,27,2
153,34,1
153,4,4
153,22,4
154,14,4
154,13,2
154,16,3
154,29,4
154,30,3
154,6,2
154,28,4
154,18,2
154,11,2
154,27,3
154,15,4
154,5,2
154,4,5
154,24,2
155,2,2
155,1,2
155,14,3
155,11,4
155,6,4
155,15,3
155,9,3
155,12,4
155,4,2
155,33,2
155,35,3
155,13,3
155,16,3
155,5,4
155,8,3
156,5,4
156,35,3
156,11,4
156,10,4
156,37,3
156,6,3
156,20,2
156,36,5
156,12,4
157,18,2
157,28,2
157,21,2
157,27,3
157,9,3
157,24,3
157,37,3
157,20,2
157,23,4
157,25,3
157,31,1
157,26,4
157,2,2
157,19,3
158,13,4
158,19,3
158,23,2
158,17,4
158,18,2
158,11,4
158,12,3
158,5,4
158,21,2
158,36,3
158,6,4
158,3,4
158,1,3
159,22,2
159,37,2
159,16,2
159,17,3
159,26,2
159,11,3
159,19,3
159,24,3
159,4,1
160,25,3
160,27,3
160,36,2
160,26,5
160,23,3
160,32,3
161,19,1
161,24,3
161,28,3
161,31,3
161,36,2
161,29,2
161,18,1
161,30,4
162,16,2
162,19,3
162,9,3
162,36,4
162,30,3
162,7,2
162,29,2
162,35,4
163,3,3
163,1,4
163,20,5
163,6,3
163,36,2
163,32,4
163,10,3
163,31,3
163,30,3
163,2,3
163,26,3
163,27,2
163,11,3
163,22,4
163,13,1
164,34,4
164,3,2
164,33,2
164,37,2
164,8,4
164,11,2
164,28,3
165,36,2
165,15,3
165,8,4
165,10,3
165,7,3
165,14,3
165,9,2
165,33,4
165,28,2
165,34,5
165,22,2
165,6,2
165,16,2
165,21,3
166,5,4
166,15,3
166,7,2
166,8,1
166,21,2
166,11,3
166,13,3
166,29,2
166,6,3
166,14,4
166,16,3
166,37,3
166,20,2
166,36,2
166,4,1
167,22,5
167,9,2
167,37,1
167,32,5
167,33,3
167,31,3
167,24,2
167,2,3
167,20,3
167,1,3
167,4,2
167,34,2
167,5,2
168,32,3
168,18,3
168,36,4
168,12,2
168,2,2
168,9,4
168,21,2
168,22,2
168,35,4
168,10,3
169,5,1
169,1,2
169,9,3
169,11,2
169,29,3
169,18,4
169,17,4
169,10,2
169,19,3
169,7,2
169,30,2
169,12,2
170,17,4
170,19,3
170,20,3
170,21,4
170,18,3
170,14,3
170,5,2
170,22,3
170,13,2
170,31,2
170,3,3
170,28,3
171,27,4
171,6,3
171,25,3
171,11,3
171,23,3
171,21,2
171,34,2
171,13,3
171,26,4
171,30,1
171,5,4
171,12,3
171,33,2
171,20,1
171,17,1
172,28,4
172,29,5
172,14,2
172,35,2
172,30,5
172,15,3
172,8,2
172,4,3
172,16,3
172,1,1
172,10,3
172,7,3
172,2,3
172,24,2
172,5,2
173,28,4
173,21,2
173,27,4
173,9,3
173,4,4
173,24,3
173,20,3
173,8,2
173,29,4
174,15,2
174,24,4
174,25,3
174,35,3
174,31,2
174,26,4
174,23,4
174,10,3
175,29,3
175,9,3
175,4,4
175,15,2
175,22,2
175,37,2
175,8,1
175,30,4
175,35,1
175,16,2
175,24,3
176,14,2
176,8,4
176,28,4
176,13,1
176,25,3
176,36,1
176,7,3
176,30,3
176,29,4
176,19,2
176,4,4
176,34,3
176,18,3
176,33,4
176,35,1
177,29,3
177,5,2
177,19,5
177,28,3
177,30,3
177,4,5
177,17,4
177,2,2
177,18,3
177,9,2
177,34,2
178,31,2
178,32,3
178,15,3
178,5,1
178,20,1
178,2,3
178,3,3
178,1,3
178,16,2
179,23,3
179,27,4
179,4,3
179,6,4
179,7,1
179,1,3
179,15,2
179,17,4
179,24,3
179,12,4
179,25,4
179,5,3
180,6,3
180,12,3
180,3,3
180,5,4
180,34,3
180,8,4
180,37,3
180,13,4
180,4,2
180,11,4
180,7,4
180,10,2
180,33,4
181,14,3
181,15,3
181,16,4
181,18,4
181,17,4
181,10,2
181,19,4
181,6,2
181,8,1
181,32,2
181,31,3
181,34,2
182,29,4
182,24,4
182,28,2
182,26,3
182,27,2
182,21,1
182,31,2
182,36,3
182,23,3
182,9,2
183,12,5
183,13,4
183,22,3
183,10,3
183,2,2
183,37,4
183,9,4
183,7,2
183,11,4
183,6,3
183,14,1
183,3,3
183,36,3
183,15,2
184,35,4
184,33,1
184,10,5
184,4,3
184,36,4
184,16,3
184,9,4
185,24,4
185,23,3
185,26,3
185,25,4
185,12,3
185,14,4
185,27,4
185,31,2
185,15,2
185,8,2
185,37,1
185,2,1
186,32,3
186,21,4
186,13,3
186,35,2
186,20,4
186,18,2
187,29,3
187,16,3
187,4,5
187,5,3
187,30,3
187,9,3
187,20,4
188,34,2
188,23,2
188,33,4
188,22,4
188,20,4
188,21,4
188,24,4
188,19,1
188,4,2
188,27,2
189,25,2
189,33,5
189,7,4
189,34,3
189,22,3
189,20,3
190,5,3
190,12,3
190,13,3
190,37,3
190,6,3
190,23,2
191,34,5
191,7,4
191,12,3
191,33,4
191,8,3
191,31,3
191,30,3
191,10,2
192,22,3
192,20,5
192,5,3
192,16,2
192,13,3
192,11,4
192,37,4
192,6,4
192,12,4
193,27,2
193,9,5
193,13,3
193,10,3
193,1,3
193,37,3
193,12,4
193,8,2
193,36,4
193,24,2
194,5,3
194,6,3
194,34,1
194,11,3
194,18,3
194,9,2
194,32,2
195,11,4
195,16,4
195,37,3
195,14,4
195,13,3
195,15,3
195,22,3
195,1,1
195,12,3
195,32,1
195,6,3
196,9,2
196,16,2
196,14,3
196,6,4
196,12,3
196,35,2
196,13,2
196,5,3
196,11,3
196,15,2
196,1,2
196,36,2
196,37,3
197,28,3
197,8,4
197,25,2
197,7,4
197,16,2
197,34,2
198,20,4
198,1,2
198,21,4
198,8,3
198,13,3
198,22,4
198,15,3
198,31,2
198,27,3
198,30,2
198,18,3
198,17,2
198,35,2
199,27,3
199,26,4
199,22,3
199,10,2
199,30,2
199,4,3
199,8,3
199,5,2
200,9,4
200,33,2
200,37,2
200,26,3
200,35,4
200,30,3
200,22,5
200,11,2
200,10,3
200,18,3
200,36,4
200,24,3
200,12,2
200,21,3
200,29,2
201,3,4
201,1,3
201,32,2
201,31,4
201,11,4
201,8,3
201,4,1
201,22,2
201,33,2
201,6,1
201,18,2
201,5,3
201,2,3
202,15,2
202,13,2
202,26,4
202,25,3
202,28,2
202,24,3
202,27,3
202,23,3
202,29,2
202,33,2
203,33,4
203,7,3
203,9,1
203,8,4
203,21,3
203,32,3
203,15,2
203,16,2
203,30,3
204,16,3
204,14,3
204,26,3
204,36,1
204,5,3
204,7,1
204,25,2
204,24,4
204,15,4
204,23,3
205,15,3
205,6,4
205,16,4
205,11,4
205,17,4
205,37,4
205,14,3
206,24,4
206,5,5
206,28,2
206,12,3
206,3,2
206,25,3
206,32,1
206,17,2
206,16,1
206,11,3
206,6,3
207,31,4
207,32,5
207,1,3
207,36,2
207,4,3
207,28,4
207,3,3
207,11,2
207,29,5
207,30,4
208,4,3
208,23,5
208,26,3
208,24,3
208,6,2
208,2,2
208,12,3
208,25,3
208,18,2
209,24,5
209,20,3
209,25,5
209,26,4
209,6,1
209,31,2
209,23,3
209,5,1
209,27,2
209,35,3
209,33,3
209,12,3
210,7,4
210,6,3
210,33,4
210,30,2
210,34,4
210,36,2
210,8,3
210,28,2
210,17,5
210,1,2
210,37,3
210,27,2
210,31,3
211,8,2
211,21,3
211,23,2
211,29,2
211,22,4
211,20,4
211,9,3
211,19,3
211,33,2
212,4,4
212,30,3
212,3,3
212,28,4
212,26,2
212,8,2
212,16,3
212,29,3
212,5,3
212,9,2
212,23,1
213,4,3
213,22,3
213,16,1
213,34,3
213,23,3
213,27,4
213,8,3
213,28,2
213,1,2
213,3,4
213,21,2
213,26,3
213,19,2
213,14,2
213,12,2
214,31,3
214,12,2
214,32,4
214,29,1
214,28,3
214,16,2
214,9,2
214,17,2
214,2,3
214,18,4
214,1,2
214,3,4
215,20,4
215,5,3
215,21,4
215,33,4
215,22,4
215,8,4
215,29,2
215,28,2
215,10,2
215,25,3
215,24,2
216,33,3
216,10,3
216,9,4
216,3,3
216,35,4
216,28,1
216,8,5
216,23,2
216,34,5
216,7,3
216,18,2
217,23,3
217,27,4
217,33,5
217,25,3
217,8,3
217,2,3
218,11,4
218,34,1
218,35,2
218,16,3
218,5,3
218,12,3
218,7,2
218,32,2
218,6,4
219,29,4
219,5,1
219,28,4
219,4,4
219,14,1
219,19,1
220,34,4
220,37,2
220,7,3
220,33,4
220,29,2
220,8,4
220,35,2
220,21,2
220,22,1
220,25,2
220,28,3
220,13,3
220,6,1
220,30,2
221,33,3
221,19,4
221,25,4
221,18,3
221,15,2
221,24,3
221,27,3
221,30,3
221,29,3
221,17,4
222,24,3
222,15,3
222,2,3
222,32,4
222,3,3
222,9,3
222,17,2
222,29,3
222,1,3
222,36,2
222,31,4
223,12,3
223,8,3
223,22,4
223,19,3
223,21,4
223,9,2
223,23,2
223,10,2
223,1,2
223,11,3
223,27,3
223,36,2
223,20,3
223,2,3
223,30,2
224,19,2
224,4,4
224,34,3
224,29,4
224,14,2
224,28,4
224,8,3
224,27,2
224,33,4
224,30,4
225,18,4
225,22,4
225,15,1
225,23,2
225,17,4
225,20,1
226,16,4
226,14,3
226,15,4
226,27,5
226,26,3
226,37,2
226,33,3
227,11,3
227,20,1
227,37,5
227,19,3
227,35,2
227,29,4
227,4,4
227,31,2
228,3,4
228,4,1
228,35,2
228,15,3
228,1,3
228,7,3
228,37,1
228,26,3
228,2,3
228,12,2
229,30,2
229,5,4
229,13,2
229,22,1
229,8,2
229,31,2
229,6,2
229,29,2
229,11,2
229,10,2
229,37,3
229,12,3
230,25,3
230,24,4
230,26,4
230,35,2
230,34,3
230,27,3
230,15,2
230,22,3
230,1,2
230,36,3
230,30,3
230,23,4
231,1,3
231,24,3
231,3,3
231,16,4
231,2,3
231,35,2
231,14,4
231,31,4
231,4,2
231,32,4
231,15,3
232,9,2
232,21,2
232,24,3
232,15,4
232,2,2
232,26,2
232,14,3
232,16,3
232,7,1
232,5,2
232,1,2
233,34,3
233,8,4
233,33,3
233,15,2
233,7,4
233,19,2
233,17,1
233,26,1
233,5,2
234,13,3
234,12,4
234,5,4
234,33,1
234,27,2
234,8,1
234,11,2
234,6,3
234,29,2
235,33,4
235,35,3
235,34,4
235,14,2
235,10,3
235,11,3
235,7,5
235,4,2
235,8,3
235,30,2
235,19,3
235,36,3
235,17,2
235,27,3
236,17,3
236,23,2
236,31,2
236,18,3
236,6,3
236,24,3
236,29,2
236,4,3
236,19,4
236,33,3
237,12,3
237,22,5
237,15,2
237,16,3
237,1,3
237,24,3
238,31,3
238,3,3
238,19,3
238,17,3
238,23,2
238,18,4
238,32,3
238,35,1
238,7,3
238,26,2
238,2,3
239,1,2
239,36,3
239,28,2
239,35,4
239,18,1
239,10,2
239,13,3
239,7,2
239,3,2
240,8,3
240,31,2
240,10,2
240,3,2
240,7,2
240,5,2
240,2,3
240,4,1
241,10,4
241,24,3
241,4,2
241,18,2
241,26,3
241,9,4
241,32,1
242,5,3
242,8,4
242,7,3
242,34,3
242,2,1
242,29,3
242,12,2
242,24,4
242,33,4
242,10,3
242,19,2
242,28,3
243,9,3
243,17,5
243,30,3
243,35,3
243,16,4
243,29,4
243,25,2
243,28,3
243,31,3
243,18,3
243,4,4
244,25,4
244,24,4
244,27,3
244,22,2
244,6,2
244,26,3
244,10,2
244,16,2
244,11,2
244,35,2
244,23,3
245,8,1
245,14,4
245,31,2
245,16,5
245,21,2
245,24,2
245,17,3
245,15,4
245,27,2
245,18,3
245,34,2
246,8,4
246,3,2
246,20,2
246,36,3
246,15,3
246,7,4
246,18,3
246,23,2
246,25,2
246,34,3
246,1,3
246,13,2
246,6,3
247,11,3
247,14,3
247,9,3
247,36,4
247,27,1
247,13,3
247,1,2
247,10,3
247,4,3
248,37,3
248,5,4
248,26,2
248,28,3
248,24,2
248,6,4
248,13,3
248,21,2
248,20,3
248,9,3
248,11,3
248,14,1
248,17,2
249,2,3
249,34,1
249,24,2
249,31,4
249,21,2
249,32,4
249,7,3
250,24,1
250,30,4
250,14,1
250,28,4
250,4,4
250,23,2
250,29,4
250,8,1
251,24,2
251,29,4
251,37,1
251,26,3
251,30,3
251,33,1
251,12,2
251,4,3
251,16,3
252,12,2
252,2,2
252,6,2
252,36,3
252,10,3
252,22,3
252,30,4
252,4,3
252,24,3
252,13,2
252,18,3
253,16,5
253,14,2
253,1,5
253,3,4
253,15,4
253,30,3
253,31,4
253,2,4
253,29,3
253,32,4
253,7,4
254,20,4
254,22,3
254,11,4
254,13,4
254,26,2
254,17,4
254,21,4
254,32,3
255,21,4
255,31,1
255,22,4
255,5,2
255,30,3
255,26,3
255,2,1
255,20,4
255,35,3
255,13,2
255,33,2
255,1,2
256,28,3
256,4,3
256,19,4
256,10,2
256,30,3
256,36,4
256,24,3
256,22,2
256,23,2
256,21,1
256,3,3
256,29,3
256,7,2
256,18,3
256,17,2
257,15,2
257,29,4
257,23,4
257,25,3
257,31,2
257,24,3
257,9,4
257,19,3
257,33,3
257,3,3
257,16,3
257,26,3
258,31,3
258,32,3
258,2,3
258,34,2
258,4,3
258,28,3
258,15,2
258,27,2
259,4,4
259,3,3
259,12,3
259,15,2
259,2,2
259,11,2
259,29,3
259,30,4
259,20,3
259,21,4
260,24,3
260,27,4
260,17,4
260,19,5
260,10,2
260,11,3
260,26,2
260,37,3
260,8,3
260,23,4
260,33,2
260,28,3
260,22,2
261,13,3
261,15,4
261,17,1
261,34,4
261,16,3
261,30,3
261,33,3
261,7,4
261,22,4
261,3,2
261,31,2
262,10,3
262,36,4
262,14,2
262,18,3
262,35,4
262,9,4
262,2,2
262,1,2
262,33,2
262,37,2
262,28,2
263,17,2
263,19,1
263,16,3
263,8,2
263,26,1
263,27,2
263,35,3
263,25,3
263,14,3
263,3,2
263,12,2
263,9,2
263,10,3
264,37,2
264,15,2
264,11,4
264,13,4
264,4,3
264,5,4
264,2,2
264,30,4
264,28,4
264,6,4
264,34,2
264,29,3
264,31,2
264,32,2
264,12,4
265,2,4
265,30,2
265,18,4
265,15,3
265,37,1
265,19,3
265,17,4
265,14,2
265,32,4
265,31,3
265,10,3
265,28,3
266,22,3
266,11,3
266,33,4
266,8,4
266,24,2
266,27,1
266,29,1
266,5,4
266,6,2
266,37,3
266,36,2
266,7,4
266,34,3
266,13,3
267,19,3
267,31,3
267,6,4
267,12,4
267,3,1
267,25,1
267,28,3
267,27,3
267,5,4
267,13,3
267,11,4
267,37,3
267,16,3
267,4,2
267,17,2
268,2,2
268,28,3
268,15,4
268,17,3
268,3,2
268,14,4
268,16,3
268,12,1
268,32,3
268,6,3
268,23,3
268,7,2
269,28,3
269,21,4
269,11,4
269,6,3
269,31,2
269,4,2
270,6,3
270,29,3
270,11,4
270,28,4
270,12,3
270,4,4
270,13,4
270,31,3
270,27,2
270,24,1
270,30,4
270,9,3
271,21,3
271,18,3
271,35,4
271,5,2
271,9,3
271,8,3
271,33,2
271,20,4
272,26,3
272,28,3
272,24,3
272,17,3
272,13,2
272,23,3
272,27,3
272,9,3
273,9,5
273,16,2
273,28,3
273,10,4
273,14,3
273,22,1
273,36,3
273,15,4
273,21,3
273,8,3
273,35,3
273,6,2
273,7,2
273,27,2
273,3,2
274,35,4
274,24,2
274,17,2
274,10,3
274,9,3
274,36,3
274,30,2
274,3,2
275,22,5
275,37,4
275,36,3
275,11,4
275,4,3
275,12,3
276,8,4
276,15,3
276,25,2
276,21,1
276,7,3
276,34,3
276,14,2
276,24,3
276,33,5
276,13,2
276,30,3
277,20,4
277,24,2
277,9,3
277,8,2
277,13,3
277,1,2
277,22,4
277,11,3
277,5,2
277,6,3
277,21,3
277,12,3
277,28,3
277,10,3
278,8,2
278,26,2
278,28,2
278,6,3
278,33,3
278,13,3
278,5,3
279,36,2
279,33,2
279,10,3
279,24,3
279,35,3
279,19,3
279,9,4
279,28,1
279,4,1
279,17,3
279,8,1
279,18,1
280,11,2
280,1,1
280,6,3
280,24,3
280,20,3
280,13,4
280,37,3
280,12,2
280,21,2
280,35,3
280,19,3
280,7,3
280,18,1
280,5,3
280,2,2
281,25,3
281,23,4
281,26,4
281,33,4
281,20,1
281,34,2
281,8,3
281,24,3
281,7,2
281,36,2
281,11,2
281,16,1
281,19,1
282,4,3
282,13,3
282,37,2
282,29,3
282,26,2
282,24,3
282,30,3
282,6,2
282,12,2
282,28,4
283,17,3
283,19,4
283,13,3
283,34,3
283,15,2
283,18,4
283,22,3
283,14,3
284,13,3
284,17,4
284,19,3
284,10,1
284,8,5
284,33,3
284,7,5
284,18,3
284,24,2
285,29,4
285,36,4
285,7,2
285,11,3
285,28,4
285,27,2
285,4,4
285,35,3
285,17,5
285,16,2
286,34,2
286,33,4
286,22,3
286,10,2
286,21,4
286,9,3
286,3,3
286,35,3
286,15,1
286,19,3
286,8,2
286,11,3
287,18,2
287,17,4
287,25,5
287,30,2
287,24,4
287,16,3
287,32,1
288,32,3
288,3,3
288,1,2
288,20,3
288,2,4
288,24,4
288,31,3
288,22,3
288,26,2
288,4,3
288,25,2
288,21,3
288,17,3
288,8,2
288,30,3
289,22,3
289,12,2
289,18,2
289,29,2
289,21,5
289,20,5
289,25,3
289,32,2
289,1,3
289,26,3
290,20,3
290,35,1
290,30,3
290,3,2
290,15,3
290,22,3
290,32,2
291,24,2
291,20,3
291,12,3
291,21,4
291,5,3
291,9,3
292,17,2
292,28,4
292,6,3
292,3,2
292,4,4
292,30,5
292,29,5
292,12,3
292,18,2
292,10,2
292,32,2
292,13,2
293,29,3
293,30,4
293,22,3
293,23,3
293,28,5
293,4,4
293,15,2
293,5,3
293,21,2
293,35,3
293,19,1
294,27,3
294,32,3
294,17,3
294,25,2
294,22,3
294,24,2
294,20,5
294,5,3
294,26,3
294,34,3
294,29,2
295,30,3
295,32,2
295,18,1
295,34,3
295,36,4
295,8,2
295,10,3
295,17,2
295,35,4
295,2,2
296,24,3
296,35,3
296,16,3
296,14,3
296,15,3
296,3,1
296,9,4
296,32,2
296,10,3
296,36,4
296,2,1
297,34,3
297,24,3
297,1,3
297,32,3
297,3,4
297,25,1
298,37,3
298,11,2
298,13,4
298,5,3
298,12,4
298,9,2
298,35,3
298,10,2
299,2,3
299,3,5
299,1,3
299,34,3
299,4,2
299,20,3
299,31,4
299,22,4
300,11,4
300,29,3
300,12,4
300,33,3
300,13,3
300,18,4
300,19,4
300,17,5
300,37,2
300,20,2
300,6,5
300,34,2
300,2,2
301,5,3
301,35,3
301,31,3
301,14,2
301,13,3
301,21,2
301,3,3
301,10,3
301,37,2
302,19,2
302,12,2
302,22,2
302,33,2
302,16,4
302,13,2
302,14,4
303,3,3
303,6,3
303,17,2
303,1,3
303,36,3
303,2,4
304,36,3
304,2,3
304,5,2
304,16,3
304,21,3
304,11,2
304,3,3
304,37,2
304,32,4
304,1,4
304,30,2
304,19,3
305,14,3
305,5,1
305,29,4
305,4,5
305,30,4
305,19,2
305,15,3
305,2,2
305,6,3
306,4,2
306,15,4
306,31,1
306,7,3
306,33,4
306,1,2
306,3,3
306,8,3
306,9,2
306,16,4
307,28,3
307,5,4
307,12,5
307,6,3
307,30,2
307,13,5
307,1,4
307,15,3
307,3,4
307,22,3
307,10,2
307,19,3
307,33,4
308,7,2
308,9,2
308,31,4
308,36,2
308,20,2
308,1,3
308,2,4
309,35,2
309,15,3
309,22,2
309,14,2
309,21,3
309,20,4
309,26,2
309,30,2
309,28,2
309,9,2
310,4,1
310,26,5
310,28,2
310,27,3
310,36,2
310,25,4
310,33,2
310,32,2
311,15,3
311,31,2
311,10,2
311,24,4
311,13,1
311,23,4
311,12,3
311,25,3
311,26,3
311,27,3
311,11,2
312,30,2
312,37,3
312,6,4
312,5,3
312,11,4
312,22,3
312,4,4
312,13,4
312,21,3
312,28,4
312,20,2
313,35,3
313,3,3
313,31,2
313,34,2
313,9,4
313,10,3
313,7,3
313,12,3
314,9,3
314,12,3
314,13,3
314,15,4
314,11,3
314,14,4
314,8,3
314,29,2
314,26,2
314,16,4
315,5,3
315,1,3
315,11,3
315,35,2
315,3,2
315,2,2
315,31,3
315,25,1
315,6,4
315,30,2
316,31,4
316,15,2
316,9,4
316,2,4
316,10,4
316,4,3
316,35,3
316,11,2
316,32,3
316,1,4
316,3,3
316,6,3
317,15,2
317,19,2
317,34,3
317,33,4
317,22,2
317,35,3
317,31,3
317,8,3
317,23,2
317,3,2
317,1,2
317,7,3
317,24,4
317,25,3
318,33,2
318,3,2
318,7,2
318,9,2
318,34,2
318,13,3
318,18,1
318,8,2
318,32,2
318,24,2
319,32,2
319,27,5
319,33,2
319,25,2
319,37,3
319,3,2
319,28,2
319,30,3
319,23,4
320,26,4
320,25,3
320,4,3
320,17,3
320,24,5
320,20,2
320,14,3
320,15,4
320,11,2
320,16,3
320,23,4
320,27,2
321,16,3
321,36,3
321,15,3
321,17,2
321,27,4
321,14,4
321,23,4
321,25,3
321,31,3
322,26,2
322,4,4
322,28,3
322,19,1
322,15,3
322,12,3
323,11,5
323,12,4
323,37,3
323,35,3
323,5,4
323,6,3
323,13,2
323,9,4
324,5,3
324,33,3
324,37,2
324,12,3
324,24,2
324,4,2
324,11,5
325,18,3
325,17,4
325,10,1
325,19,3
325,16,3
325,22,2
325,6,3
326,11,2
326,5,4
326,1,1
326,23,2
326,37,3
326,25,3
326,6,3
326,35,2
327,34,5
327,7,3
327,8,3
327,33,4
327,35,3
327,17,2
327,2,2
327,9,2
327,27,2
327,16,3
327,14,5
327,21,3
327,30,2
328,30,3
328,4,4
328,29,4
328,27,3
328,22,3
328,5,2
328,28,4
329,13,2
329,5,3
329,36,3
329,34,3
329,6,2
329,9,3
330,18,4
330,33,4
330,34,3
330,17,4
330,22,2
330,9,3
330,19,4
330,12,1
331,13,4
331,12,3
331,5,3
331,4,2
331,11,3
331,15,3
331,33,3
331,3,2
331,1,3
331,37,4
331,6,4
331,29,2
331,26,1
331,16,3
331,28,2
332,32,4
332,31,5
332,1,4
332,35,2
332,20,3
332,2,4
332,37,3
332,3,3
332,16,2
332,15,3
332,34,3
332,18,2
332,30,2
333,21,3
333,16,3
333,15,3
333,9,2
333,20,3
333,17,1
333,14,3
333,35,2
333,29,2
333,13,3
333,28,3
333,23,1
334,24,2
334,18,3
334,17,4
334,23,2
334,11,3
334,34,1
334,26,3
334,13,2
335,9,3
335,19,3
335,36,4
335,35,4
335,3,3
335,10,3
335,18,5
335,16,2
335,6,1
335,2,2
335,5,2
336,33,1
336,29,2
336,24,3
336,28,3
336,25,3
336,8,2
336,15,2
336,6,2
337,16,3
337,15,4
337,10,3
337,35,3
337,36,4
337,30,2
338,21,5
338,5,3
338,27,3
338,16,3
338,36,1
338,33,2
338,20,3
338,29,2
338,9,2
338,22,3
338,3,3
339,3,2
339,17,2
339,28,5
339,4,3
339,8,1
339,30,3
339,7,3
339,29,4
339,9,2
339,24,3
339,2,3
339,22,3
340,6,3
340,32,2
340,26,3
340,24,4
340,23,3
340,12,2
340,27,4
340,13,2
340,7,3
340,36,2
340,19,3
340,37,2
340,14,1
341,23,3
341,28,5
341,33,3
341,11,2
341,17,4
341,21,2
341,3,3
341,19,3
342,17,4
342,35,4
342,32,1
342,9,4
342,19,3
342,33,4
342,6,3
342,36,3
342,11,2
342,10,3
343,22,5
343,20,3
343,4,4
343,36,4
343,10,3
343,9,4
343,1,1
344,15,4
344,2,3
344,3,4
344,35,3
344,8,1
344,10,3
344,31,3
344,32,4
344,23,2
344,16,5
344,24,3
345,9,4
345,10,4
345,29,2
345,36,4
345,37,2
345,7,2
345,28,3
345,3,1
345,30,3
345,32,2
345,20,2
345,18,1
345,27,2
345,33,3
345,35,4
346,18,2
346,5,3
346,31,4
346,2,3
346,8,4
346,32,3
346,19,2
346,30,3
346,33,4
346,3,4
346,15,1
346,28,2
346,13,2
347,30,3
347,3,4
347,31,4
347,29,3
347,1,3
347,10,2
347,4,4
348,23,2
348,13,2
348,10,4
348,7,4
348,36,4
348,20,2
348,14,2
348,22,1
348,34,3
348,9,3
348,33,3
348,35,3
348,2,2
348,8,3
349,7,2
349,19,4
349,18,4
349,11,3
349,4,2
349,32,2
349,17,5
349,1,2
349,28,3
349,9,4
350,23,4
350,15,2
350,29,2
350,27,3
350,3,3
350,32,2
350,25,3
350,21,3
351,13,4
351,17,4
351,27,2
351,11,4
351,33,2
351,5,4
351,36,2
351,6,5
351,10,2
351,7,3
351,37,4
351,12,4
351,21,3
351,24,2
352,5,5
352,31,3
352,13,3
352,6,2
352,1,3
352,16,2
352,37,2
352,12,5
352,25,2
352,11,3
352,29,3
352,2,4
352,15,3
353,6,4
353,11,2
353,2,2
353,37,5
353,15,4
353,28,2
353,19,2
353,13,2
353,12,4
354,3,5
354,2,3
354,14,1
354,34,2
354,4,3
354,19,5
354,17,4
354,1,4
354,32,3
354,31,4
354,16,2
354,11,3
354,18,3
355,2,1
355,24,3
355,25,3
355,26,3
355,23,4
355,34,2
355,27,5
355,1,1
355,3,2
356,36,3
356,9,4
356,3,4
356,1,4
356,14,1
356,32,4
356,2,3
356,18,2
356,31,4
356,33,1
356,21,2
356,10,4
356,35,4
356,24,2
357,26,2
357,16,2
357,9,1
357,11,3
357,37,3
357,31,1
357,10,1
357,25,3
357,2,2
357,12,3
358,32,3
358,1,5
358,11,5
358,31,5
358,3,4
358,20,3
358,14,3
358,5,4
358,2,3
358,37,5
358,4,3
358,6,4
358,13,3
358,23,3
358,33,2
359,20,4
359,28,3
359,15,1
359,17,3
359,22,4
359,8,3
359,23,1
359,10,1
359,3,2
359,5,2
360,31,3
360,32,4
360,10,2
360,18,2
360,26,3
360,20,3
360,3,4
360,7,4
360,8,4
360,1,4
360,2,4
360,30,1
361,26,3
361,15,4
361,14,4
361,27,3
361,16,4
361,1,3
361,10,3
361,17,2
361,25,2
361,3,3
362,34,2
362,4,2
362,8,3
362,10,1
362,23,2
362,26,3
362,9,3
362,31,2
362,30,5
363,6,2
363,31,3
363,32,2
363,13,4
363,5,3
363,11,3
363,16,4
363,27,3
363,12,4
363,15,4
363,18,3
363,24,1
364,28,2
364,15,3
364,16,3
364,36,2
364,26,3
364,14,2
364,1,3
364,10,2
364,8,1
364,17,1
364,33,2
365,27,3
365,25,3
365,23,3
365,18,4
365,20,2
365,24,2
366,22,3
366,26,4
366,10,2
366,23,3
366,24,4
366,25,3
366,36,2
366,3,3
366,13,2
366,29,2
366,27,2
366,11,2
366,1,2
367,15,3
367,31,2
367,26,2
367,33,2
367,10,2
367,16,3
367,9,2
368,5,4
368,3,1
368,23,2
368,6,3
368,12,3
368,7,3
368,13,3
368,10,2
368,33,1
369,23,5
369,22,4
369,4,3
369,27,3
369,8,2
369,18,2
370,36,4
370,23,3
370,3,2
370,29,2
370,10,3
370,35,4
370,17,4
371,7,4
371,34,3
371,36,3
371,4,2
371,31,2
371,8,5
371,30,3
371,5,2
371,37,3
371,28,2
372,28,5
372,29,5
372,4,4
372,1,1
372,9,3
372,17,3
372,34,2
372,3,3
372,30,3
373,6,1
373,31,4
373,2,3
373,7,2
373,20,2
373,34,3
373,32,3
373,16,2
373,3,4
373,24,2
373,12,3
373,18,3
373,17,2
373,35,2
373,4,3
374,18,5
374,17,4
374,26,2
374,19,3
374,22,1
374,6,2
374,15,2
374,28,2
374,24,1
374,36,3
374,5,3
374,23,4
374,3,1
374,32,2
375,11,4
375,23,4
375,21,4
375,20,3
375,24,4
375,33,2
375,26,2
376,6,2
376,36,1
376,16,4
376,1,3
376,33,4
376,32,4
376,8,3
376,22,3
376,31,3
376,30,2
376,35,3
376,3,4
376,13,2
376,19,1
377,3,1
377,8,2
377,4,3
377,9,2
377,29,3
377,18,2
377,32,3
377,22,5
377,21,3
377,7,2
377,20,3
378,18,3
378,19,4
378,28,3
378,26,3
378,23,2
378,17,4
378,10,2
378,6,3
379,3,2
379,28,5
379,7,4
379,8,5
379,4,5
379,36,2
379,37,3
379,30,4
379,29,3
379,34,4
379,22,3
379,2,2
380,19,4
380,16,2
380,18,3
380,25,2
380,17,4
380,24,4
380,22,2
380,27,4
380,23,4
380,31,3
380,34,2
381,11,4
381,33,3
381,12,4
381,20,2
381,13,4
381,6,4
381,37,3
381,32,2
381,5,3
381,2,3
381,8,3
381,35,3
381,30,2
382,8,4
382,22,3
382,33,3
382,7,4
382,6,3
382,14,2
382,17,2
382,36,3
383,3,5
383,1,5
383,31,3
383,32,3
383,28,3
383,7,3
383,33,4
384,8,3
384,29,3
384,30,3
384,28,4
384,19,2
384,9,1
384,7,4
384,4,4
384,5,2
384,33,3
384,36,3
384,26,3
385,4,3
385,31,3
385,20,2
385,29,4
385,33,3
385,30,4
385,1,3
385,2,3
385,3,3
385,13,1
385,26,3
385,18,1
385,9,2
386,31,3
386,8,1
386,3,3
386,2,4
386,22,3
386,32,4
387,33,2
387,26,3
387,34,3
387,24,4
387,30,2
387,13,2
387,27,3
387,29,2
387,35,2
387,32,2
387,23,4
387,20,2
387,36,1
387,8,3
387,7,4
388,23,4
388,22,2
388,12,4
388,11,3
388,26,3
388,18,2
388,10,2
388,37,1
389,4,3
389,30,3
389,37,4
389,29,3
389,5,4
389,28,4
389,11,3
390,15,3
390,36,3
390,31,3
390,10,3
390,26,1
390,2,3
390,35,4
390,14,3
390,9,4
390,37,1
391,12,3
391,11,3
391,6,5
391,5,5
391,32,1
391,10,2
391,21,2
391,37,4
391,13,3
391,20,2
391,17,3
391,34,2
391,19,2
392,37,1
392,22,4
392,21,4
392,24,2
392,20,3
392,17,3
392,19,4
393,31,4
393,20,4
393,21,3
393,2,4
393,22,5
393,3,3
393,13,3
393,18,1
394,2,4
394,3,3
394,36,2
394,31,3
394,32,3
394,12,1
394,1,3
394,5,3
395,14,5
395,3,3
395,28,3
395,27,3
395,15,4
395,24,4
395,30,2
395,22,3
395,1,3
395,29,3
395,23,3
395,25,2
395,6,4
396,8,1
396,10,5
396,2,3
396,31,3
396,26,2
396,28,2
396,1,3
396,9,3
396,3,2
397,5,4
397,4,3
397,30,3
397,11,3
397,14,3
397,28,3
397,27,1
397,16,3
397,6,4
398,35,4
398,9,4
398,7,3
398,18,3
398,29,3
398,15,2
398,17,2
398,10,4
398,20,2
398,25,2
398,36,4
398,13,2
398,12,2
399,37,5
399,9,4
399,5,3
399,12,4
399,6,4
399,11,5
399,15,3
399,14,5
399,28,3
399,13,3
399,34,2
399,33,3
399,16,4
400,24,4
400,10,4
400,36,3
400,2,2
400,9,3
400,11,3
400,25,3
400,32,1
400,20,3
400,19,2
400,27,2
400,35,4
400,8,2
400,3,2
400,30,2
